{
"Dungeons & Dragons Fifth Edition": "Dungeons & Dragons Fifth Edition",
"DND5E.title": "Dungeons & Dragons 5th Edition",
"DND5E.AbbreviationCR": "CR",
"DND5E.AbbreviationConc": "Conc",
"DND5E.AbbreviationDC": "DC",
"DND5E.AbbreviationLR": "LR",
"DND5E.AbbreviationLevel": "Lvl",
"DND5E.AbbreviationLbs": "lbs",
"DND5E.AbbreviationSR": "SR",
"DND5E.Ability": "Ability",
"DND5E.AbilityCha": "Charisma",
"DND5E.AbilityCon": "Constitution",
"DND5E.AbilityDex": "Dexterity",
"DND5E.AbilityInt": "Intelligence",
"DND5E.AbilityModifier": "Ability-modifier",
"DND5E.AbilityPromptText": "What kind of {ability}-check?",
"DND5E.AbilityPromptTitle": "{ability} Ability-check",
"DND5E.AbilityStr": "Strength",
"DND5E.AbilityUseHint": "Configure how thou wouldst like to use the {name} {type}.",
"DND5E.AbilityUseUnavailableHint": "This Item has been drained!",
"DND5E.AbilityUseChargedHint": "This {type} has fully charged!",
"DND5E.AbilityUseRechargedHint": "This {type} is depleted and must be recharged!",
"DND5E.AbilityUseNormalHint": "This {type} has {value} of {max} uses per {per} remaining.",
"DND5E.AbilityUseConsumableChargeHint": "Using this {type} will consume 1 charge of {value} remaining.",
"DND5E.AbilityUseConsumableQuantityHint": "Using this {type} will consume 1 quantity of {quantity} remaining",
"DND5E.AbilityUseConsumableDestroyHint": "Using this {type} will consume it's final charge and it shall be fordone.",
"DND5E.AbilityUseConsume": "Consume Available Usage?",
"DND5E.AbilityWis": "Wisdom",
"DND5E.Action": "Action",
"DND5E.ActionPl": "Actions",
"DND5E.ActionAbil": "Ability-check",
"DND5E.ActionHeal": "Healing",
"DND5E.ActionMSAK": "Melee Spell-attack",
"DND5E.ActionMWAK": "Melee Weapon-attack",
"DND5E.ActionOther": "Other",
"DND5E.ActionRSAK": "Ranged Spell-attack",
"DND5E.ActionRWAK": "Ranged Weapon-attack",
"DND5E.ActionSave": "Saving-throw",
"DND5E.ActionUtil": "Utility",
"DND5E.Add": "Add",
"DND5E.Advantage": "Advantage",
"DND5E.Alignment": "Alignment",
"DND5E.AlignmentCE": "Chaotic Evil",
"DND5E.AlignmentCG": "Chaotic Good",
"DND5E.AlignmentCN": "Chaotic Neutral",
"DND5E.AlignmentLE": "Lawful Evil",
"DND5E.AlignmentLG": "Lawful Good",
"DND5E.AlignmentLN": "Lawful Neutral",
"DND5E.AlignmentNE": "Neutral Evil",
"DND5E.AlignmentNG": "Neutral Good",
"DND5E.AlignmentTN": "True Neutral",
"DND5E.ArmorClass": "Armourclass",
"DND5E.Attack": "Attack",
"DND5E.AttackPl": "Attacks",
"DND5E.Attributes": "Attributes",
"DND5E.Attuned": "Attuned",
"DND5E.Background": "Background",
"DND5E.Biography": "Biography",
"DND5E.BonusAbilityCheck": "Global Ability-check Bonus",
"DND5E.BonusAbilitySave": "Global Saving-throw Bonus",
"DND5E.BonusAbilitySkill": "Global Skill-check Bonus",
"DND5E.BonusAction": "Bonus-action",
"DND5E.BonusMSAttack": "Melee Spell-attack Bonus",
"DND5E.BonusMSDamage": "Melee Spell-damage Bonus",
"DND5E.BonusMWAttack": "Melee Weapon-attack Bonus",
"DND5E.BonusMWDamage": "Melee Weapon-damage Bonus",
"DND5E.BonusRSAttack": "Ranged Spell-attack Bonus",
"DND5E.BonusRSDamage": "Ranged Spell-damage Bonus",
"DND5E.BonusRWAttack": "Ranged Weapon-attack Bonus",
"DND5E.BonusRWDamage": "Ranged Weapon-damage Bonus",
"DND5E.BonussaveForm": "Update Bonuses",
"DND5E.BonusspellDC": "Global Spell-DC Bonus",
"DND5E.BonusTitle": "Configure Actor Bonuses",
"DND5E.Bonuses": "Global Bonuses",
"DND5E.BonusesHint": "Define global Bonuses as Formulæ which are added to certain Rolls. For example: 1d4 + 2",
"DND5E.BonusesInstructions": "Configure Character-bonuses which are added to the appropriate Dice-roll",
"DND5E.ChallengeRating": "Challengerating",
"DND5E.Charged": "Charged",
"DND5E.Charges": "Charges",
"DND5E.ChatContextDamage": "Apply Damage",
"DND5E.ChatContextHealing": "Apply Healing",
"DND5E.ChatContextDoubleDamage": "Apply Double Damage",
"DND5E.ChatContextHalfDamage": "Apply Half Damage",
"DND5E.ChatFlavor": "Chat-message Flavour",
"DND5E.ClassLevels": "Class-levels",
"DND5E.ClassName": "Class-name",
"DND5E.ClassSkillsNumber": "Number of Starting-skills",
"DND5E.ClassSkillsChosen": "Chosen Class-skills",
"DND5E.ComponentMaterial": "Material",
"DND5E.ComponentSomatic": "Somatic",
"DND5E.ComponentVerbal": "Verbal",
"DND5E.ConBlinded": "Blinded",
"DND5E.ConCharmed": "Charmed",
"DND5E.ConDeafened": "Deafened",
"DND5E.ConDiseased": "Diseased",
"DND5E.ConExhaustion": "Exhaustion",
"DND5E.ConFrightened": "Frightened",
"DND5E.ConGrappled": "Grappled",
"DND5E.ConImm": "Conditionimmunities",
"DND5E.ConIncapacitated": "Incapacitated",
"DND5E.ConInvisible": "Invisible",
"DND5E.ConParalyzed": "Paralysed",
"DND5E.ConPetrified": "Petrified",
"DND5E.ConPoisoned": "Poisoned",
"DND5E.ConProne": "Prone",
"DND5E.ConRestrained": "Restrained",
"DND5E.ConStunned": "Stunned",
"DND5E.ConUnconscious": "Unconscious",
"DND5E.Concentration": "Concentration",

"DND5E.ConsumeTitle": "Resource-consumption",
"DND5E.ConsumeAmmunition": "Ammunition",
"DND5E.ConsumeAttribute": "Attribute",
"DND5E.ConsumeMaterial": "Material",
"DND5E.ConsumeCharges": "Item Uses",
"DND5E.ConsumeWarningNoResource": "{name} is designated to consume {type} but no Resource is specified!",
"DND5E.ConsumeWarningNoSource": "The designated {type} source that {name} consumes no longer exists!",
"DND5E.ConsumeWarningNoQuantity": "{name} has run out of it's designated {type}!",
"DND5E.ConsumeWarningZeroAttribute": "{name} has run out of it's designated Attribute Resource-pool!",

"DND5E.ConsumableAmmunition": "Ammunition",
"DND5E.ConsumableFood": "Food",
"DND5E.ConsumablePoison": "Poison",
"DND5E.ConsumablePotion": "Potion",
"DND5E.ConsumableRod": "Rod",
"DND5E.ConsumableScroll": "Scroll",
"DND5E.ConsumableTrinket": "Trinket",
"DND5E.ConsumableWand": "Wand",
"DND5E.ConsumableUseWarnStart": "This Consumable has",
"DND5E.ConsumableUseWarnEnd": "of the current Unit",
"DND5E.ConsumableUnitWarn": "Units remaining",
"DND5E.ConsumableLastChargeWarn": "This is the last Charge of this Unit & consuming it will also reduce the Item's Quantity by 1",
"DND5E.ConsumableWithoutCharges": "available Units to use",
"DND5E.Consumed": "Consumed",
"DND5E.CostGP": "Cost (GP)",
"DND5E.Critical": "Critical",
"DND5E.CriticalHit": "Critical Hit",
"DND5E.Currency": "Coinage",
"DND5E.CurrencyCP": "Coppers",
"DND5E.CurrencyConvert": "Convert All Currency",
"DND5E.CurrencyConvertHint": "Convert all carried Currency to the highest possible Denomination to reduce the Amount of Coinage carried by the Character. Be wary, this Action cannot be undone.",
"DND5E.CurrencyEP": "Deniers",
"DND5E.CurrencyGP": "Drachens",
"DND5E.CurrencyPP": "Realmcoins",
"DND5E.CurrencySP": "Groschen",
"DND5E.DamImm": "Damageimmunities",
"DND5E.DamRes": "Damageresistances",
"DND5E.DamVuln": "Damagevulnerabilities",
"DND5E.Damage": "Damage",
"DND5E.DamageAcid": "Acid",
"DND5E.DamageBludgeoning": "Bludgeoning",
"DND5E.DamageCold": "Cold",
"DND5E.DamageFire": "Fire",
"DND5E.DamageForce": "Force",
"DND5E.DamageLightning": "Lightning",
"DND5E.DamageNecrotic": "Necrotic",
"DND5E.DamagePiercing": "Piercing",
"DND5E.DamagePoison": "Poison",
"DND5E.DamagePsychic": "Psychic",
"DND5E.DamageRadiant": "Radiant",
"DND5E.DamageSlashing": "Slashing",
"DND5E.DamageThunder": "Thunder",
"DND5E.Day": "Day",
"DND5E.DeathSave": "Deathsaves",
"DND5E.DeathSaveCriticalSuccess": "{name} critically succeeded on a Death Saving-throw & has regained 1 Hitpoint!",
"DND5E.DeathSaveSuccess": "{name} has survived with 3 Death Savingthrow Successes & is now stable!",
"DND5E.DeathSaveFailure": "{name} has died with 3 Death Savingthrow Failures!",
"DND5E.DeathSavingThrow": "Death Savingthrow",
"DND5E.Default": "Default",
"DND5E.DefaultAbilityCheck": "Default Abilitycheck",
"DND5E.Description": "Description",
"DND5E.Details": "Details",
"DND5E.Disadvantage": "Disadvantage",
"DND5E.DistAny": "Any",
"DND5E.DistFt": "Feet",
"DND5E.DistMi": "Miles",
"DND5E.DistSelf": "Self",
"DND5E.DistTouch": "Touch",
"DND5E.Duration": "Duration",
"DND5E.EquipmentBonus": "Magickal Bonus",
"DND5E.EquipmentClothing": "Clothing",
"DND5E.EquipmentHeavy": "Heavy Armour",
"DND5E.EquipmentLight": "Light Armour",
"DND5E.EquipmentMedium": "Medium Armour",
"DND5E.EquipmentNatural": "Natural Armour",
"DND5E.EquipmentShield": "Shield",
"DND5E.EquipmentShieldProficiency": "Shields",
"DND5E.EquipmentTrinket": "Trinket",
"DND5E.Equipped": "Equipped",
"DND5E.Exhaustion": "Exhaustion",
"DND5E.Expertise": "Expertise",
"DND5E.FeatureActionRecharge": "Action Recharge",

"DND5E.ItemTypeClass": "Class",
"DND5E.ItemTypeClassPl": "Class-levels",
"DND5E.ItemTypeConsumable": "Consumable",
"DND5E.ItemTypeConsumablePl": "Consumables",
"DND5E.ItemTypeContainer": "Container",
"DND5E.ItemTypeContainerPl": "Containers",
"DND5E.ItemTypeEquipment": "Equipment",
"DND5E.ItemTypeEquipmentPl": "Equipment",
"DND5E.ItemTypeLoot": "Loot",
"DND5E.ItemTypeLootPl": "Loot",
"DND5E.ItemTypeTool": "Tool",
"DND5E.ItemTypeToolPl": "Tools",
"DND5E.ItemTypeSpell": "Spell",
"DND5E.ItemTypeSpellPl": "Spells",
"DND5E.ItemTypeWeapon": "Weapon",
"DND5E.ItemTypeWeaponPl": "Weapons",
"DND5E.ItemNoUses": "{name} has no available uses remaining.",

"DND5E.FeatureActive": "Active Abilities",
"DND5E.FeatureAdd": "Create Feature",
"DND5E.FeatureAttack": "Feature Attack",
"DND5E.FeaturePassive": "Passive Abilities",
"DND5E.FeatureRechargeOn": "Recharge On",
"DND5E.FeatureRechargeResult": "1d6 Result",
"DND5E.FeatureUsage": "Feature-usage",
"DND5E.Features": "Features",
"DND5E.Filter": "Filter",
"DND5E.FilterNoSpells": "No Spells found for this Set of Filters.",
"DND5E.NoSpellLevels": "This Character has no Spellcaster-levels but thou mayst add Spells manually.",

"DND5E.FlagsInstructions": "Configure Character-features & Traits which fine-tune behaviours of the D&D5e System.",
"DND5E.Flagssave": "Update Special Traits",
"DND5E.FlagsTitle": "Configure Special Traits",
"DND5E.FlagsPowerfulBuild": "Powerful Build",
"DND5E.FlagsPowerfulBuildHint": "Provides increased Carrying-capacity.",
"DND5E.FlagssavageAttacks": "Savage Attacks",
"DND5E.FlagssavageAttacksHint": "Adds extra critical Hit Weapon-dice.",
"DND5E.FlagsElvenAccuracy": "Elven Accuracy",
"DND5E.FlagsElvenAccuracyHint": "Roll an extra d20 with Advantage to Dex, Int, Wis, or Cha.",
"DND5E.FlagsHalflingLucky": "Halfling Lucky",
"DND5E.FlagsHalflingLuckyHint": "Reroll ones when rolling d20 Checks.",
"DND5E.FlagsInitiativeAdv": "Advantage on Initiative",
"DND5E.FlagsInitiativeAdvHint": "Provided by Feats or magickal Items.",
"DND5E.FlagsAlert": "Alert Feat",
"DND5E.FlagsAlertHint": "Provides +5 to Initiative.",
"DND5E.FlagsJOAT": "Jack of All Trades",
"DND5E.FlagsJOATHint": "Half-proficiency to Ability-checks in which thou art not already Proficient.",
"DND5E.FlagsObservant": "Observant Feat",
"DND5E.FlagsObservantHint": "Provides a +5 to Passive Perception & Investigation.",
"DND5E.FlagsReliableTalent": "Reliable Talent",
"DND5E.FlagsReliableTalentHint": "Rogues Reliable Talent Feature.",
"DND5E.FlagsRemarkableAthlete": "Remarkable Athlete.",
"DND5E.FlagsRemarkableAthleteHint": "Half-proficiency (rounded-up) to physical Ability-checks & Initiative.",
"DND5E.FlagsCritThreshold": "Critical Hit Threshold",
"DND5E.FlagsCritThresholdHint": "Allow for expanded critical Range; for Example Improved or Superior Critical",

"DND5E.Flat": "Flat",
"DND5E.Formula": "Formula",
"DND5E.GrantedAbilities": "Granted Abilities",
"DND5E.HalfProficient": "Halfproficient",
"DND5E.Healing": "Healing",
"DND5E.HealingTemp": "Healing (Temporary)",
"DND5E.Health": "Hitpoints",
"DND5E.HealthFormula": "Hitpointformula",
"DND5E.HitDice": "Hitdice",
"DND5E.HitDiceRoll": "Roll Hitdice",
"DND5E.HitDiceUsed": "Hitdice Used",
"DND5E.HitDiceWarn": "{name} has no available {formula} Hitdice remaining!",
"DND5E.Identified": "Identified",
"DND5E.Initiative": "Initiative",
"DND5E.Inspiration": "Inspiration",
"DND5E.Inventory": "Inventory",
"DND5E.ItemActionType": "Action-type",
"DND5E.ItemActivationCondition": "Activation-condition",
"DND5E.ItemActivationCost": "Activationcost",
"DND5E.ItemAttackBonus": "Attack Rollbonus",
"DND5E.ItemConsumableActivation": "Consumable-activation",
"DND5E.ItemConsumableUsage": "Consumable-usage",
"DND5E.ItemConsumableDetails": "Consumable-details",
"DND5E.ItemConsumableStatus": "Consumable-status",
"DND5E.ItemConsumableType": "Consumable-type",
"DND5E.ItemContainerCapacity": "Capacity",
"DND5E.ItemContainerCapacityItems": "Items",
"DND5E.ItemContainerCapacityType": "Capacity-type",
"DND5E.ItemContainerCapacityWeight": "Weight",
"DND5E.ItemContainerDetails": "Container-details",

"DND5E.ItemContainerProperties": "Container-properties",
"DND5E.ItemContainerWeightless": "Weightless-contents",
"DND5E.ItemCreate": "Create Item",
"DND5E.ItemDelete": "Delete Item",
"DND5E.ItemDestroyEmpty": "Destroy on Empty",
"DND5E.ItemEdit": "Edit Item",
"DND5E.ItemEquipmentAction": "Equipment-action",
"DND5E.ItemEquipmentDetails": "Equipment-details",
"DND5E.ItemEquipmentDexMod": "Max Dexterity-modifier",

"DND5E.ItemEquipmentStatus": "Equipment-status",
"DND5E.ItemEquipmentStealthDisav": "Imposes Stealth-disadvantage",
"DND5E.ItemEquipmentType": "Equipment-type",
"DND5E.ItemEquipmentUsage": "Equipment-usage",

"DND5E.ItemName": "Item-name",
"DND5E.ItemNew": "New {type}",
"DND5E.ItemRequiredStr": "Required Strength",
"DND5E.ItemToolProficiency": "Toolproficiency",

"DND5E.ItemWeaponAttack": "Weaponattack",
"DND5E.ItemWeaponDetails": "Weapon Details",
"DND5E.ItemWeaponProperties": "Weapon-properties",

"DND5E.ItemWeaponStatus": "Weapon Status",
"DND5E.ItemWeaponType": "Weapontype",
"DND5E.ItemWeaponUsage": "Weapon Usage",
"DND5E.JackOfAllTrades": "Jack of All Trades",
"DND5E.LairAct": "Uses Lair-action",
"DND5E.Languages": "Tongues",
"DND5E.LanguagesAarakocra": "Aarakocra",
"DND5E.LanguagesAbyssal": "Abyssal",
"DND5E.LanguagesAquan": "Aquan",
"DND5E.LanguagesAuran": "Auran",
"DND5E.LanguagesCelestial": "Celestial",
"DND5E.LanguagesCommon": "Commontongue",
"DND5E.LanguagesDeepSpeech": "Deepspeech",
"DND5E.LanguagesDraconic": "Draconic",
"DND5E.LanguagesDruidic": "Druidic",
"DND5E.LanguagesDwarvish": "Dwarvish",
"DND5E.LanguagesElvish": "Elvish",
"DND5E.LanguagesGiant": "Giant",
"DND5E.LanguagesGith": "Gith",
"DND5E.LanguagesGnoll": "Gnoll",
"DND5E.LanguagesGnomish": "Gnomish",
"DND5E.LanguagesGoblin": "Goblin",
"DND5E.LanguagesHalfling": "Halfling",
"DND5E.LanguagesIgnan": "Ignan",
"DND5E.LanguagesInfernal": "Infernal",
"DND5E.LanguagesOrc": "Ork",
"DND5E.LanguagesPrimordial": "Primordial",
"DND5E.Languagessylvan": "Sylvan",
"DND5E.LanguagesTerran": "Terran",
"DND5E.LanguagesThievesCant": "Thieves' Cant",
"DND5E.LanguagesUndercommon": "Undercommon",
"DND5E.LegAct": "Legendary Actions",
"DND5E.LegRes": "Legendary Resistance",
"DND5E.Level": "Level",
"DND5E.LevelScaling": "Level-scaling",
"DND5E.LimitedUses": "Limited-uses",
"DND5E.LongRest": "Long Rest",
"DND5E.LongRestNormal": "Long Rest [VIII Hours]",
"DND5E.LongRestGritty": "Long Rest [VII Days]",
"DND5E.LongRestEpic": "Long Rest [I Hour]",
"DND5E.LongRestOvernight": "Long Rest [New Day]",
"DND5E.LongRestResult": "{name} takes a Long Rest & recovers {health} Hitpoints & {dice} Hitdice.",
"DND5E.Max": "Max",
"DND5E.Modifier": "Modifier",
"DND5E.Name": "Character-name",
"DND5E.NoCharges": "No Charges",
"DND5E.None": "None",
"DND5E.Normal": "Normal",
"DND5E.NotProficient": "Not Proficient",
"DND5E.OtherFormula": "Other Formula",
"DND5E.PactMagic": "Pact-magick",
"DND5E.PlaceTemplate": "Place Measured Template",
"DND5E.Polymorph": "Polymorph",
"DND5E.PolymorphAcceptSettings": "Custom Settings",
"DND5E.PolymorphKeepBio": "Keep Lifewrit",
"DND5E.PolymorphKeepClass": "Keep Proficiency-bonus (leaves class Items in sheet)",
"DND5E.PolymorphKeepFeats": "Keep Features",
"DND5E.PolymorphKeepItems": "Keep Equipment",
"DND5E.PolymorphKeepMental": "Keep mental Ability-scores (Int, Wis, Cha)",
"DND5E.PolymorphKeepPhysical": "Keep physical Ability-scores (Str, Dex, Con)",
"DND5E.PolymorphKeepSaves": "Keep Saving-throw Proficiencies",
"DND5E.PolymorphKeepSkills": "Keep Skill-proficiencies",
"DND5E.PolymorphKeepSpells": "Keep Spells",
"DND5E.PolymorphKeepVision": "Keep Vision (Character & Token)",
"DND5E.PolymorphMergeSaves": "Merge Saving-throw Proficiencies (take the Highest)",
"DND5E.PolymorphMergeSkills": "Merge Skill-proficiencies (take the Highest)",
"DND5E.PolymorphPromptTitle": "Transforming Actor",
"DND5E.PolymorphRestoreTransformation": "Restore Transformation",
"DND5E.PolymorphRevertWarn": "Thou dost not have the Permission to revert this Actor's polymorphed State.",
"DND5E.PolymorphTmpClass": "Temporary Class",
"DND5E.PolymorphTokens": "Transform all linked Tokens?",
"DND5E.PolymorphWarn": "Thou art not allowed to polymorph this Actor!",
"DND5E.PolymorphWildShape": "Wild-shape",
"DND5E.Prepared": "Prepared",
"DND5E.Price": "Price",
"DND5E.Proficiency": "PB",
"DND5E.Proficient": "Proficient",
"DND5E.Quantity": "Quantity",
"DND5E.Race": "Race",
"DND5E.Range": "Range",
"DND5E.Rarity": "Rarity",
"DND5E.Reaction": "Reaction",
"DND5E.RequiredMaterials": "Required Materials",
"DND5E.Requirements": "Requirements",
"DND5E.ResourcePrimary": "Resource I",
"DND5E.ResourceSecondary": "Resource II",
"DND5E.ResourceTertiary": "Resource III",
"DND5E.RestL": "LR",
"DND5E.RestS": "SR",
"DND5E.Ritual": "Ritual",
"DND5E.Roll": "Roll",
"DND5E.RollExample": "e.g. +1d4",
"DND5E.RollMode": "Roll-mode",
"DND5E.RollSituationalBonus": "Situational Bonus?",
"DND5E.Save": "Save",
"DND5E.SavePromptTitle": "{ability} Saving-throw",
"DND5E.ScalingFormula": "Scaling-formula",
"DND5E.SchoolAbj": "Abjuration",
"DND5E.SchoolCon": "Conjuration",
"DND5E.SchoolDiv": "Divination",
"DND5E.SchoolEnc": "Enchantment",
"DND5E.SchoolEvo": "Evocation",
"DND5E.SchoolIll": "Illusion",
"DND5E.SchoolNec": "Necromancy",
"DND5E.SchoolTrs": "Transmutation",
"DND5E.SenseBS": "Blindsight",
"DND5E.SenseDV": "Darkvision",
"DND5E.SenseTR": "Truesight",
"DND5E.SenseTS": "Tremoursense",
"DND5E.Senses": "Senses",
"DND5E.ShortRest": "Shortrest",
"DND5E.ShortRestNormal": "Shortrest [I Hour]",
"DND5E.ShortRestGritty": "Shortrest [VIII Hours]",
"DND5E.ShortRestEpic": "Short Rest [5 minutes]",
"DND5E.ShortRestOvernight": "Shortrest [New Day]",
"DND5E.ShortRestHint": "Take a Shortrest? On a Shortrest thou mayst spend remaining Hitdice & recover primary or secondary Resources.",
"DND5E.ShortRestNoHD": "No Hitdice remaining",
"DND5E.ShortRestResult": "{name} takes a Shortrest spending {dice} Hitdice to recover {health} Hitpoints.",
"DND5E.ShortRestSelect": "Select Dice to Roll",
"DND5E.Size": "Size",
"DND5E.SizeGargantuan": "Gargantuan",
"DND5E.SizeHuge": "Huge",
"DND5E.SizeLarge": "Large",
"DND5E.SizeMedium": "Medium",
"DND5E.SizeSmall": "Small",
"DND5E.SizeTiny": "Tiny",
"DND5E.SkillAcr": "Acrobatics",
"DND5E.SkillAni": "Animal-handling",
"DND5E.SkillArc": "Arcana",
"DND5E.SkillAth": "Athletics",
"DND5E.SkillDec": "Deception",
"DND5E.SkillHis": "History",
"DND5E.SkillIns": "Insight",
"DND5E.SkillInv": "Investigation",
"DND5E.SkillItm": "Intimidation",
"DND5E.SkillMed": "Medicine",
"DND5E.SkillNat": "Nature",
"DND5E.SkillPer": "Persuasion",
"DND5E.SkillPrc": "Perception",
"DND5E.SkillPrf": "Performance",
"DND5E.SkillRel": "Religion",
"DND5E.SkillSlt": "Sleight of Hand",
"DND5E.SkillSte": "Stealth",
"DND5E.SkillSur": "Survival",
"DND5E.SkillPromptTitle": "{skill} Skill-check",
"DND5E.Slots": "Slots",
"DND5E.Source": "Source",
"DND5E.Special": "Special",
"DND5E.SpecialTraits": "Special Traits",
"DND5E.Speed": "Speed",
"DND5E.SpeedSpecial": "Special Movement",
"DND5E.SpellAbility": "Spellcasting",
"DND5E.SpellAdd": "Add Spell",
"DND5E.SpellCantrip": "Cantrip",
"DND5E.SpellCastConsume": "Consume Spellslot?",
"DND5E.SpellCastHint": "Configure how thou wouldst like to cast the",
"DND5E.SpellCastNoSlots": "Thou hast no available Spellslots to cast this Spell",
"DND5E.SpellCastUpcast": "Cast at Level",
"DND5E.SpellcasterLevel": "Spellcaster-level",
"DND5E.SpellCastingHeader": "Spellcasting",
"DND5E.Spellcasting": "Spellcasting",
"DND5E.SpellComponents": "Spell-components",
"DND5E.SpellCreate": "Create Spell",
"DND5E.SpellDC": "Spell DC",
"DND5E.SpellDetails": "Spelldetails",
"DND5E.SpellEffects": "Spelleffects",
"DND5E.SpellLevel": "Spell-level",
"DND5E.SpellLevel0": "Cantrip",
"DND5E.SpellLevel1": "Level I",
"DND5E.SpellLevel2": "Level II",
"DND5E.SpellLevel3": "Level III",
"DND5E.SpellLevel4": "Level IV",
"DND5E.SpellLevel5": "Level V",
"DND5E.SpellLevel6": "Level VI",
"DND5E.SpellLevel7": "Level VII",
"DND5E.SpellLevel8": "Level VIII",
"DND5E.SpellLevel9": "Level IX",
"DND5E.SpellLevelPact": "Pactslot",
"DND5E.SpellMaterials": "Spellcasting-materials",
"DND5E.SpellName": "Spellname",
"DND5E.SpellNone": "None",
"DND5E.SpellPrepAtWill": "At-Will",
"DND5E.SpellPrepInnate": "Innate Spellcasting",
"DND5E.SpellPrepPrepared": "Prepared",
"DND5E.SpellPrepAlways": "Always Prepared",
"DND5E.SpellPreparationMode": "Spell-preparation Mode",
"DND5E.SpellPrepared": "Prepared",
"DND5E.SpellProgArt": "Artificer",
"DND5E.SpellProgFull": "Full Caster",
"DND5E.SpellProgHalf": "Half Caster",
"DND5E.SpellProgOverride": "Override Slots",
"DND5E.SpellProgPact": "Pact-magick",
"DND5E.SpellProgThird": "Third Caster",
"DND5E.SpellProgression": "Spell-progression",
"DND5E.SpellSchool": "Spellschool",
"DND5E.SpellScroll": "Spellscroll",
"DND5E.SpellTarget": "Spelltarget",
"DND5E.SpellUnprepared": "Unprepared",
"DND5E.SpellUsage": "Spellusage",
"DND5E.Spellbook": "Spellbook",
"DND5E.SubclassName": "Subclassname",
"DND5E.Supply": "Supply",
"DND5E.Target": "Target",
"DND5E.TargetAlly": "Ally",
"DND5E.TargetCone": "Cone",
"DND5E.TargetCreature": "Creature",
"DND5E.TargetCube": "Cube",
"DND5E.TargetCylinder": "Cylinder",
"DND5E.TargetEnemy": "Enemy",
"DND5E.TargetLine": "Line",
"DND5E.TargetObject": "Object",
"DND5E.TargetRadius": "Radius",
"DND5E.TargetSelf": "Self",
"DND5E.TargetSpace": "Space",
"DND5E.TargetSphere": "Sphere",
"DND5E.TargetSquare": "Square",
"DND5E.TargetWall": "Wall",
"DND5E.Temp": "Temp",
"DND5E.TimeDay": "Days",
"DND5E.TimeHour": "Hours",
"DND5E.TimeInst": "Instantaneous",
"DND5E.TimeMinute": "Minutes",
"DND5E.TimeMonth": "Months",
"DND5E.TimePerm": "Permanent",
"DND5E.TimeRound": "Rounds",
"DND5E.TimeTurn": "Turns",
"DND5E.TimeYear": "Years",
"DND5E.ToolArtisans": "Artisan's Tools",
"DND5E.ToolDisguiseKit": "Disguisekit",
"DND5E.ToolForgeryKit": "Forgerykit",
"DND5E.ToolGamingSet": "Gamingset",
"DND5E.ToolHerbalismKit": "Herbalismkit",
"DND5E.ToolMusicalInstrument": "Musical Instrument",
"DND5E.ToolNavigators": "Navigator's Tools",
"DND5E.ToolPoisonersKit": "Poisoner's Kit",
"DND5E.ToolThieves": "Thieves' Tools",
"DND5E.ToolVehicle": "Vehicle (Land or Water)",
"DND5E.TraitArmorProf": "Armour-proficiencies",
"DND5E.TraitSelectorSpecial": "Special (Split with Semicolon)",
"DND5E.TraitToolProf": "Tool-proficiencies",
"DND5E.TraitWeaponProf": "Weapon-proficiencies",
"DND5E.Type": "Type",
"DND5E.Unequipped": "Unquipped",
"DND5E.Unlimited": "Unlimited",
"DND5E.Usage": "Usage",
"DND5E.Use": "Use",
"DND5E.Uses": "Uses",
"DND5E.Versatile": "Versatile",
"DND5E.VersatileDamage": "Versatile Damage",
"DND5E.VsDC": "vs DC.",
"DND5E.WeaponImprov": "Improvised",
"DND5E.WeaponMartialM": "Martial Melee",
"DND5E.WeaponMartialProficiency": "Martial Weapons",
"DND5E.WeaponMartialR": "Martial Ranged",
"DND5E.WeaponNatural": "Natural",
"DND5E.WeaponPropertiesAmm": "Ammunition",
"DND5E.WeaponPropertiesFin": "Finesse",
"DND5E.WeaponPropertiesFir": "Firearm",
"DND5E.WeaponPropertiesFoc": "Focus",
"DND5E.WeaponPropertiesHvy": "Heavy",
"DND5E.WeaponPropertiesLgt": "Light",
"DND5E.WeaponPropertiesLod": "Loading",
"DND5E.WeaponPropertiesRch": "Reach",
"DND5E.WeaponPropertiesRel": "Reload",
"DND5E.WeaponPropertiesRet": "Returning",
"DND5E.WeaponPropertiesspc": "Special",
"DND5E.WeaponPropertiesThr": "Thrown",
"DND5E.WeaponPropertiesTwo": "Two-handed",
"DND5E.WeaponPropertiesVer": "Versatile",
"DND5E.WeaponSimpleM": "Simple Melee",
"DND5E.WeaponSimpleProficiency": "Simple Weapons",
"DND5E.WeaponSimpleR": "Simple Ranged",
"DND5E.Weight": "Weight",
"DND5E.available": "available",
"DND5E.description": "A comprehensive Game-system for running Games of Dungeons & Dragons Fifth Edition in the Foundry VTT Environment.",
"DND5E.of": "of",
"DND5E.spell": "Spell",
"SETTINGS.5eAllowPolymorphingL": "Allow players to polymorph their own Actors.",
"SETTINGS.5eAllowPolymorphingN": "Allow Polymorphing",
"SETTINGS.5eAutoCollapseCardL": "Automatically collapse Item-card Descriptions in the Chatlog",
"SETTINGS.5eAutoCollapseCardN": "Collapse Item Cards in Chat",
"SETTINGS.5eAutoSpellTemplateL": "When a Spell is cast, defaults to begin the Process to create the corresponding Measured Template if any (requires TRUSTED or higher Player-role)",
"SETTINGS.5eAutoSpellTemplateN": "Always place Spell-template",
"SETTINGS.5eCurWtL": "Carried Currency affects Character-encumbrance following the rules on PHB pg. 143.",
"SETTINGS.5eCurWtN": "Apply Currency-weight",
"SETTINGS.5eDiagDMG": "Dungeon Master's Guide (5/10/5)",
"SETTINGS.5eDiagEuclidean": "Euclidean (7.07 ft. Diagonal)",
"SETTINGS.5eDiagL": "Configure which diagonal-movement Rule should be used for Games within this System.",
"SETTINGS.5eDiagN": "Diagonal Movement Rule",
"SETTINGS.5eDiagPHB": "Player's Handbook (5/5/5)",
"SETTINGS.5eInitTBL": "Append the raw Dexterity Ability-score to break ties in Initiative.",
"SETTINGS.5eInitTBN": "Initiative Dexterity-tiebreaker",
"SETTINGS.5eNoExpL": "Remove Experience-bars from Character-sheets.",
"SETTINGS.5eNoExpN": "Disable Experience-tracking",
"SETTINGS.5eRestL": "Configure which Rest-variant should be used for Games within this System.",
"SETTINGS.5eRestN": "Rest-variant",
"SETTINGS.5eRestPHB": "Player's Handbook (LR: 8 Hours, SR: 1 Hour)",
"SETTINGS.5eRestGritty": "Gritty Realism (LR: 7 Days, SR: 8 Hours)",
"SETTINGS.5eRestEpic": "Epic Heroism (LR: 1 Hour, SR: 1 Min)"
}