{
  "name": "lang-com",
  "title": "Commonspeech",
  "description": "Commonspeech localisation for D&D 5e",
  "version": "1.0.4",
  "minimumCoreVersion" : "0.5.4",
  "compatibleCoreVersion" : "0.7.9",
  "author": "Jindrich Novak",
  "systems": ["dnd5e"],
  "scripts": [],
  "styles": [],
  "packs": [],
    
  "languages": [{
  	"lang": "common",
    "name": "Commonspeech",
    "path": "commonspeech.json"
  }],
    
    "url": "https://github.com/Khaloth/Commonspeech",
	"manifest": "https://raw.githubusercontent.com/Khaloth/Commonspeech/master/module.json",
	"download": "https://github.com/Khaloth/Commonspeech.git"
}
